{
  "pretrained": {
    "model_name": "Pretrained: nlptown/bert-base-multilingual-uncased-sentiment",
    "accuracy": 0.9282,
    "f1_macro": 0.9276,
    "precision_macro": 0.9324,
    "recall_macro": 0.9282,
    "confusion_matrix": [
      [
        139,
        4,
        1
      ],
      [
        23,
        119,
        2
      ],
      [
        0,
        1,
        143
      ]
    ],
    "classification_report": {
      "Negative": {
        "precision": 0.8580246913580247,
        "recall": 0.9652777777777778,
        "f1-score": 0.9084967320261438,
        "support": 144.0
      },
      "Neutral": {
        "precision": 0.9596774193548387,
        "recall": 0.8263888888888888,
        "f1-score": 0.8880597014925373,
        "support": 144.0
      },
      "Positive": {
        "precision": 0.9794520547945206,
        "recall": 0.9930555555555556,
        "f1-score": 0.9862068965517241,
        "support": 144.0
      },
      "accuracy": 0.9282407407407407,
      "macro avg": {
        "precision": 0.9323847218357947,
        "recall": 0.9282407407407408,
        "f1-score": 0.9275877766901351,
        "support": 432.0
      },
      "weighted avg": {
        "precision": 0.9323847218357947,
        "recall": 0.9282407407407407,
        "f1-score": 0.9275877766901351,
        "support": 432.0
      }
    },
    "inference_time_seconds": 10.85
  },
  "finetuned": {
    "model_name": "Fine-Tuned: bert-base-uncased",
    "accuracy": 0.9977,
    "f1_macro": 0.9977,
    "precision_macro": 0.9977,
    "recall_macro": 0.9977,
    "confusion_matrix": [
      [
        143,
        0,
        1
      ],
      [
        0,
        144,
        0
      ],
      [
        0,
        0,
        144
      ]
    ],
    "classification_report": {
      "Negative": {
        "precision": 1.0,
        "recall": 0.9930555555555556,
        "f1-score": 0.9965156794425087,
        "support": 144.0
      },
      "Neutral": {
        "precision": 1.0,
        "recall": 1.0,
        "f1-score": 1.0,
        "support": 144.0
      },
      "Positive": {
        "precision": 0.993103448275862,
        "recall": 1.0,
        "f1-score": 0.9965397923875432,
        "support": 144.0
      },
      "accuracy": 0.9976851851851852,
      "macro avg": {
        "precision": 0.9977011494252874,
        "recall": 0.9976851851851851,
        "f1-score": 0.9976851572766839,
        "support": 432.0
      },
      "weighted avg": {
        "precision": 0.9977011494252873,
        "recall": 0.9976851851851852,
        "f1-score": 0.9976851572766839,
        "support": 432.0
      }
    },
    "inference_time_seconds": 4.12
  },
  "test_set_size": 432,
  "summary": {
    "pretrained_wins": 0,
    "finetuned_wins": 4
  }
}